start station id,start station name,start station latitude,start station longitude,covid_cases,trip count,tripduration_sum(mins),tripduration_mean(mins),usertype_member_count
1,18 Dorrance Warehouse,42.387151,-71.075978,44975,1007,15193.4343,8871.1242,1007
3,Colleges of the Fenway - Fenway at Avenue Louis Pasteur,42.34011512,-71.10061884,215777.5,35903,679777.0997,27223.7765,26867
4,Tremont St at E Berkeley St,42.345392,-71.069616,215860.5,48000,813986.0843,23715.3542,34066
5,Northeastern University - North Parking Lot,42.341814,-71.090179,75084,50730,895130.8822,15630.7061,37925
6,Cambridge St at Joy St,42.36125722,-71.06528744,216357.5,81167,1375994.751,24903.5999,64397
7,Fan Pier,42.35339051,-71.0445714,194822.5,23838,546182.3826,30217.9176,13745
8,Union Square - Brighton Ave at Cambridge St,42.353334,-71.137313,216281.5,42220,818694.1857,27527.094,30079
9,Commonwealth Ave at Agganis Way,42.35169202,-71.11903489,215928.5,101325,1514055.784,22781.4778,77328
10,B.U. Central - 725 Comm. Ave.,42.350406,-71.108279,215342.5,64390,1015218.933,23754.4737,50285
11,Longwood Ave at Binney St,42.338629,-71.1065,216587.5,81897,1311829.15,23960.3702,70538
12,Ruggles T Stop - Columbus Ave at Melnea Cass Blvd,42.33624445,-71.08798563,216211.5,82049,1284524.534,23047.4562,61502
13,Boston Medical Center - E Concord St at Harrison Ave,42.33639915,-71.07306711,83286,38128,559984.0994,14041.5789,32930
14,HMS/HSPH - Avenue Louis Pasteur at Longwood Ave,42.33741748,-71.10286117,215622.5,53486,868982.55,24144.2877,46702
15,Brighton Mills - 370 Western Ave,42.36154571,-71.13776207,214784.5,25741,629821.8341,33957.1154,18591
16,Back Bay T Stop - Dartmouth St at Stuart St,42.34807412,-71.07657015,216125.5,67752,1120790.7,24981.8459,53895
17,Soldiers Field Park - 111 Western Ave,42.36426344,-71.1182757,215629.5,45669,844809.234,26309.4721,35033
19,Park Dr at Buswell St,42.347241,-71.105301,216299.5,47003,778429.7505,24184.4,35533
20,Aquarium T Stop - 200 Atlantic Ave,42.35991176,-71.05142981,205312.5,61311,1423404.716,29726.9899,34334
21,Prudential Center - 101 Huntington Ave,42.34652004,-71.08065777,216473.5,58095,1069592.899,25839.6641,42197
22,South Station - 700 Atlantic Ave,42.352175,-71.055547,215853.5,99090,1546724.533,24692.761,74627
23,Boston City Hall - 28 State St,42.35892,-71.057629,216194.5,68064,1317260.15,28157.3662,47743
24,Seaport Square - Seaport Blvd at Northern Ave,42.35148193,-71.04436085,213421.5,54605,1022470.249,26479.1028,34826
25,South End Library - Tremont St at W Newton St,42.341332,-71.076847,215953.5,37904,526504.7496,19988.6489,31616
26,Washington St at Waltham St,42.34157472,-71.0689044,216406.5,40622,555920.3991,19959.3935,33004
27,Roxbury Crossing T Stop - Columbus Ave at Tremont St,42.331184,-71.095171,175806.5,54917,803495.3158,20522.749,41562
29,Innovation Lab - 125 Western Ave at Batten Way,42.36371276,-71.12459779,203680,24985,411103.5999,25098.1079,20197
30,Brigham Circle - Francis St at Huntington Ave,42.33462893,-71.10407918,216180.5,39311,685930.6337,25338.1231,31163
31,Seaport Hotel - Congress St at Seaport Ln,42.34881026,-71.04167744,212022.5,26452,490531.3503,25562.0958,17403
32,Landmark Center - Brookline Ave at Park Dr,42.34369056,-71.10235287,204070,72893,1342750.852,17213.0079,50879
33,Kenmore Square,42.348706,-71.097009,209632.5,66058,1256728.533,26315.2094,43469
35,Arch St at Franklin St,42.35533502,-71.05822917,87753,41028,739380.8664,17355.9975,29857
36,Copley Square - Dartmouth St at Boylston St,42.34992828,-71.07739207,206476.5,69660,1473603.367,29286.9831,45646
37,New Balance - 20 Guest St,42.35732922,-71.1467354,202313.5,12027,292811.3312,33665.8273,8198
39,Washington St at Rutland St,42.3385146,-71.07404083,216587.5,75935,1082628.567,21162.4514,64332
40,Lewis Wharf at Atlantic Ave,42.363871,-71.050877,216426.5,73930,1565399.984,28389.4864,45050
41,Packard's Corner - Commonwealth Ave at Brighton Ave,42.352261,-71.123831,216459.5,86827,1461929.851,24240.4789,66444
42,Boylston St at Arlington St,42.35204262,-71.0705781,163482.5,56819,1359680.85,27298.7108,33140
43,Rowes Wharf at Atlantic Ave,42.357143,-71.050699,214209.5,37896,692008.3347,25605.313,25021
44,Congress St at Boston City Hall,42.36041775,-71.05752244,210227.5,30860,769920.8002,27763.3613,16022
46,Christian Science Plaza - Massachusetts Ave at Westland Ave,42.34366582,-71.08582377,216587.5,126604,2347583.967,26785.8972,90724
47,Cross St at Hanover St,42.362811,-71.056067,216367.5,86285,1832078.767,24381.2812,48409
48,Post Office Square,42.35585436,-71.05459746,79333,20169,340090.1178,16873.0536,14555
49,Stuart St at Charles St,42.351146,-71.066289,213720.5,35100,782659.4153,30443.6377,20583
50,Boylston St at Berkeley St,42.35114198,-71.07329249,77238,28127,531378.134,16665.2249,18868
51,Washington St at Lenox St,42.33509899,-71.07903779,208915.5,23736,392014.8168,23589.6208,19292
52,Newbury St at Hereford St,42.348717,-71.085954,79035,90668,1717496.068,16597.2889,60990
53,Beacon St at Massachusetts Ave,42.35082681,-71.08981088,76929,105591,1753462.75,14847.4577,77040
54,Tremont St at West St,42.354979,-71.063348,215297.5,53352,1312412.967,34311.3515,31774
55,Boylston St at Massachusetts Ave,42.34740621,-71.08678415,214797,89441,1599603.268,22022.7193,62865
56,Dudley Square - Bolling Building,42.32984299,-71.08386572,197080,11711,223398.1821,26692.9179,9317
57,Massachusetts Ave at Columbus Ave,42.33949454,-71.08020781,86734.5,38089,586917.5841,16713.7708,29771
58,Mugar Way at Beacon St,42.35553628,-71.0728687,216540.5,80582,2262148.415,35552.6257,43893
59,Chinatown Gate Plaza,42.351356,-71.059367,215386.5,41940,811323.3837,26767.5111,29031
60,Charles Circle - Charles St at Cambridge St,42.36079297,-71.07118962,216517.5,138450,2841104.518,26349.1978,100758
61,Boylston St at Fairfield St,42.348762,-71.082383,72080,61009,1170716.951,15721.0907,41217
63,Dorchester Ave at Gillette Park,42.34404051,-71.05737627,209553.5,17907,294129.6008,21659.0711,12799
64,Congress St at Sleeper St,42.3510045,-71.04930013,76043,28985,520705.3662,16011.0005,18001
65,Boston Convention and Exhibition Center - Summer St at West Side Dr,42.34776345,-71.04535997,197362.5,16766,375426.5,28184.9711,7585
66,Commonwealth Ave at Griggs St,42.34922469,-71.13275303,216372.5,42919,783916.1509,26352.7438,33412
67,MIT at Mass Ave / Amherst St,42.3581,-71.093198,216422.5,249211,3262005.948,19838.5627,211165
68,Central Square at Mass Ave / Essex St,42.36507,-71.1031,216395.5,208120,2605998.267,18156.1501,179010
69,Coolidge Corner - Beacon St at Centre St,42.341598,-71.123338,215815.5,60735,1018154.584,24030.9556,48240
70,Harvard Kennedy School at Bennett St / Eliot St,42.3722168,-71.12188071,214547.5,58938,1192307.85,27604.7257,42315
71,Conway Park - Somerville Avenue,42.38363895,-71.10853672,212000.5,35540,563837.6997,23487.0492,28307
72,One Broadway / Kendall Sq at Main St / 3rd St,42.36224179,-71.08311072,216170.5,47330,663348.2853,20637.9779,39979
73,Harvard Square at Brattle St / Eliot St,42.373231,-71.120886,214406.5,63380,1283105.433,27043.1915,43157
74,Harvard Square at Mass Ave/ Dunster,42.373268,-71.118579,216268.5,157441,2986327.998,26599.0911,109570
75,Lafayette Square at Mass Ave / Main St / Columbia St,42.36346469,-71.10057324,215717.5,81136,1048896.267,18683.6377,68098
76,Central Sq Post Office / Cambridge City Hall at Mass Ave / Pleasant St,42.366426,-71.105495,216587.5,95044,1363955.732,21083.8377,79499
77,Somerville City Hall,42.386844,-71.09812,214882.5,19370,353626.4516,27129.7196,15353
78,Union Square - Somerville,42.37971603,-71.09391332,215929.5,46500,810921.1175,25386.6598,35199
79,Beacon St at Washington / Kirkland,42.37842,-71.105668,95780,32626,508094.0325,15720.5955,26229
80,MIT Stata Center at Vassar St / Main St,42.36213123,-71.09115601,214969.5,126734,1342261.967,15915.8409,118751
81,Chinatown T Stop,42.352409,-71.062679,216263.5,75674,1485977.233,27941.0498,53306
82,Beacon St at Tappan St,42.3382668,-71.13894682,214664.5,19993,389952.6833,27107.9138,14947
84,CambridgeSide Galleria - CambridgeSide PL at Land Blvd,42.366981,-71.076472,213023.5,50701,942067.6005,26056.6994,36087
85,Spaulding Rehabilitation Hospital - Charlestown Navy Yard,42.378338,-71.048927,215994.5,28162,553807.3996,28801.8599,23949
86,Brookline Village - Station Street at MBTA,42.33274392,-71.11626681,216334.5,32629,670459.8344,29252.8259,24001
87,Harvard University Housing - 115 Putnam Ave at Peabody Terrace,42.366621,-71.114214,216330.5,51913,835542.7846,23447.7825,43442
88,Inman Square at Vellucci Plaza / Hampshire St,42.374035,-71.101427,0,494,5709.6666,198.766,474
89,Harvard Law School at Mass Ave / Jarvis St,42.379011,-71.119945,216459.5,44563,745569.949,25030.2913,35125
90,Lechmere Station at Cambridge St / First St,42.370677,-71.076529,171646.5,49344,811672.6503,19284.2786,39361
91,One Kendall Square at Hampshire St / Portland St,42.366277,-71.09169,216355.5,83509,1098130.951,19554.2672,70147
92,University of Massachusetts Boston - Campus Center,42.31218918,-71.03648586,117260.5,7391,233379.9663,33124.6587,3682
93,JFK/UMass T Stop,42.32033974,-71.05118036,189208.5,13006,330827.5986,31497.7731,8144
94,Main St at Austin St,42.375603,-71.064608,213505.5,25338,478707.2318,25955.186,17971
95,Cambridge St - at Columbia St / Webster Ave,42.372969,-71.094445,216546.5,47575,711812.7497,22222.4932,38511
96,Cambridge Main Library at Broadway / Trowbridge St,42.373379,-71.111075,216394.5,52307,822087.4348,23230.942,43127
97,Harvard University River Houses at DeWolfe St / Cowperthwaite St,42.36920617,-71.11710638,216338.5,83311,1752497.752,29899.3434,57382
98,Warren St at Chelsea St,42.371848,-71.060292,216081.5,56842,1143554.8,27746.9671,37516
99,Wilson Square,42.38567579,-71.11412136,213357.5,19098,309065.6162,22573.7688,15373
100,Davis Square,42.396969,-71.123024,215878.5,54258,967892.7151,25605.8826,40066
101,Ball Sq,42.3991826,-71.11104455,141886.5,9223,171464.2161,19044.1376,6834
102,Powder House Circle - Nathan Tufts Park,42.400877,-71.116772,214027.5,16064,363234.8353,32126.2059,11416
103,JFK Crossing at Harvard St. / Thorndike St.,42.34655124,-71.12833211,205657,17876,322327.0004,22011.4657,14031
104,Harvard University Radcliffe Quadrangle at Shepard St / Garden St,42.380287,-71.125107,216530.5,45481,614891.8664,21143.4992,36543
105,Lower Cambridgeport at Magazine St / Riverside Rd,42.3572185,-71.11387163,216540.5,84355,1371044.184,22870.2685,69571
106,Dudley Town Common - Mt Pleasant Ave at Blue Hill Ave,42.325333,-71.075354,37987.5,3537,73631.4338,12060.0567,2555
107,Ames St at Main St,42.3625,-71.08822,216587.5,134360,1685685.084,18661.3917,121886
108,Harvard University / SEAS Cruft-Pierce Halls at 29 Oxford St,42.377945,-71.116865,215917.5,46408,683281.6984,21758.8875,39681
109,West End Park,42.36590788,-71.06446669,165017,16224,321541.6669,28597.2964,12796
110,Harvard University Gund Hall at Quincy St / Kirkland St,42.376369,-71.114025,216228.5,46554,730411.3325,23000.5784,36960
111,Packard Ave at Powderhouse Blvd,42.40449,-71.123413,206189.5,14939,319384.1678,30621.6781,9931
112,Clarendon Hill at Broadway,42.406302,-71.132446,94120,6807,172487.7827,21815.6629,4532
113,Andrew T Stop - Dorchester Ave at Dexter St,42.33047365,-71.05701685,66663,14397,284563.4656,16384.7321,9316
114,Teele Square,42.40231703,-71.12671129,97719,8804,149420.3162,16206.9817,6593
115,Porter Square Station,42.387995,-71.119084,216252.5,55403,831368.8845,22423.1544,45137
116,359 Broadway - Broadway at Fayette Street,42.370803,-71.104412,216511.5,60490,823375.7161,20463.7843,53505
117,Binney St / Sixth St,42.36608797,-71.08633604,215649.5,30846,405067.9344,19957.4001,27045
118,Linear Park - Mass. Ave. at Cameron Ave. ,42.397828,-71.130516,215430.5,29807,522351.8168,25189.9274,23235
119,South Boston Library - 646 E Broadway,42.335741,-71.03877,213023.5,39153,831620.2183,29021.6073,19404
120,Beacon St at Charles St,42.356052,-71.069849,74335,53811,1416755.667,21381.8554,28076
121,W Broadway at Dorchester St,42.33595898,-71.046229,214806.5,38241,681220.8665,24722.8846,22119
122,Burlington Ave at Brookline Ave,42.345733,-71.100694,75209,25535,509500.7508,16874.8555,17236
124,Curtis Hall - South St at Centre St,42.309054,-71.11543,202309.5,11509,299697.9522,33297.4977,7937
125,Hyde Square - Barbara St at Centre St,42.32176526,-71.10984161,215200.5,25711,486597.1997,27020.2623,20095
126,Egleston Square - Atherton St at Washington St,42.315692,-71.098634,179048,5655,128144.2984,27220.4804,4262
128,E Cottage St at Columbia Rd,42.320561,-71.06198,63355,8829,192180.866,17236.3779,6223
129,Hayes Square - Vine St at Moulton St,42.377022,-71.056605,74464,8295,178889.167,17944.3629,6028
130,Uphams Corner,42.31727474,-71.06537004,67313,4413,107775.5675,19359.993,2959
131,Jackson Square T Stop,42.32293117,-71.10014141,216459.5,28765,513045.5168,25381.9989,22692
133,Green Street T Stop - Green St at Amory St,42.310579,-71.107341,205865.5,19397,401817.298,29168.9164,14861
134,Boylston St at Dartmouth St,42.350413,-71.07655,11369.5,5602,112413.9009,6621.6072,3986
135,ID Building East,42.344827,-71.028664,184037.5,10231,166128.8992,22523.8916,8608
136,ID Building West,42.344796,-71.031614,201574.5,17018,282631.7837,24827.6212,13428
137,Magoun Square at Trum Field,42.3977834,-71.10594004,205940.5,14689,263436.6823,25150.0069,10724
138,Newmarket Square T Stop - Massachusetts Ave at Newmarket Square,42.326599,-71.066498,211056.5,15265,334526.9813,31812.9673,10856
139,Dana Park,42.36178044,-71.10809952,216263.5,53771,797770.9172,21582.9744,46130
140,Danehy Park,42.388966,-71.132788,210729.5,13573,279905.8158,27649.7489,10339
141,Kendall Street,42.36356016,-71.08216792,212272.5,34659,521231.0321,21671.4402,29252
142,Alewife Station at Russell Field,42.396105,-71.139459,209895.5,15620,435067.3815,34574.048,11003
143,EF - North Point Park,42.369885,-71.069957,214198.5,44186,874739.4511,28158.6287,31842
144,Rogers St & Land Blvd,42.36575798,-71.07699394,180622.5,22266,402298.9153,25231.4844,16367
145,Rindge Avenue - O'Neill Library,42.392766,-71.129042,207502.5,11751,240819.9831,29035.833,9236
146,Murphy Skating Rink - 1880 Day Blvd,42.336448,-71.023739,171194.5,26672,951345.3169,39721.1399,10004
149,175 N Harvard St,42.363796,-71.129164,216038.5,56587,996832.8988,25184.943,42437
150,State Street at Channel Center,42.344137,-71.052608,211719.5,26989,363903.5667,19768.0071,19932
151,Surface Rd at India St,42.358155,-71.052163,212977.5,38440,756446.8006,27044.3901,24739
152,Ink Block - Harrison Ave at Herald St,42.345901,-71.063187,214984.5,26173,368126.0346,19715.5104,20236
156,Somerville Hospital,42.39044949,-71.1085595,120417.5,10842,190793.8498,19124.8641,8060
157,Seaport Blvd at Sleeper St,42.35317809,-71.04817357,216238.5,75066,1273035.518,23649.409,48783
159,S Huntington Ave at Heath St,42.32760387,-71.1108917,202143.5,15304,291986.0512,26441.7112,11510
160,Wentworth Institute of Technology - Huntington Ave at Vancouver St,42.33758601,-71.09627098,207701.5,27829,558038.1983,27351.4271,17871
161,W Broadway at D St,42.3391085,-71.0514432,215201.5,53574,881280.1017,23423.8845,34102
162,Franklin Park - Seaver St at Humboldt Ave,42.309796,-71.092225,148862,3966,123760.9826,30799.1944,2259
163,The Lawn on D,42.344792,-71.044024,204371.5,28652,608258.1169,26954.628,14485
167,Ryan Playground - Dorchester Ave at Harbor View St,42.317642,-71.056664,61772,8592,207255.4327,18280.4669,5344
169,Edwards Playground - Main St at Eden St,42.378965,-71.068607,207665.5,13813,260732.5344,26214.4134,10446
170,Franklin Park Zoo - Franklin Park Rd at Blue Hill Ave,42.303469,-71.085347,128866.5,4591,172797.3983,33511.6457,2036
171,Bunker Hill Community College,42.37408991,-71.06905997,199874,14329,221978.1659,22544.3361,11469
173,Savin Hill T Stop - S Sydney St at Bay St,42.3106,-71.0539,164080.5,5684,182072.4993,36746.621,3364
174,Washington St at Brock St,42.34895285,-71.16031677,170736.5,9050,270190.2176,37839.3163,5085
175,Brighton Center - Washington St at Cambridge St,42.34894857,-71.15027189,214469.5,21620,455962.6994,29819.4629,15540
176,Lesley University,42.38674802,-71.11901879,215979.5,27677,474159.5153,24891.7037,22327
177,University Park,42.36264779,-71.10006094,216431.5,73577,955584.0671,18904.0354,62769
178,MIT Pacific St at Purrington St,42.3595732,-71.10129476,216587.5,136492,1360692.45,14751.4229,130208
179,MIT Vassar St,42.35560121,-71.10394478,216587.5,118806,1479957.165,18543.1864,107257
180,Mt Auburn,42.37478629,-71.13320231,212305.5,18578,397389.433,28702.0023,13901
181,Huron Ave At Vassal Lane,42.38165061,-71.13426981,207152.5,13846,255760.4513,26834.5785,11033
182,Museum of Science,42.36769018,-71.07116282,209272.5,20209,503032.6839,32391.1433,11418
183,Alewife MBTA at Steel Place,42.39558846,-71.14260614,209402.5,20957,591354.3512,38153.6799,15128
184,Sidney Research Campus/Erie Street at Waverly,42.35775309,-71.10393405,216383.5,43322,569329.2499,20018.5698,38697
185,Third at Binney,42.36544486,-71.08277142,216135.5,53995,745898.3339,20251.686,46457
186,Congress St at Northern Ave,42.3481,-71.03764,166684,31013,592463.3821,18939.7699,17696
187,Cypress St at Clark Playground,42.32784317,-71.12536222,165268,7700,149388.3011,21468.1738,5694
188,Foss Park,42.39108438,-71.09039426,209242.5,12080,272575.6477,31429.2621,8487
189,Kendall T,42.36242784,-71.08495474,215805.5,99165,1236187.95,18820.5122,86329
190,Nashua Street at Red Auerbach Way,42.365673,-71.064263,216496.5,95810,1751601.1,27935.3872,74962
191,Tappan St at Brookline Hills MBTA,42.3329529,-71.12824756,200229.5,7353,143373.8496,26643.0163,5539
192,Purchase St at Pearl St,42.354659,-71.053181,214913.5,32316,529006.8669,24795.5336,23848
193,Brookline Town Hall,42.33376473,-71.12046447,211023.5,14616,289481.7835,28050.2834,11069
194,Broadway St at Mt Pleasant St,42.38614141,-71.0782814,202254.5,12620,214730.5342,23057.7299,9467
195,Child St at North St,42.37228487,-71.07383825,216426.5,36463,650692.5155,25631.5308,27669
196,Roxbury YMCA - Warren St at MLK Blvd,42.31787329,-71.08243078,179764,5513,120919.1324,27987.748,4104
197,MLK Blvd at Washington St,42.32143814,-71.09126061,195204,7529,141320.1489,25501.0539,6075
199,Uphams Corner T Stop - Magnolia St at Dudley St,42.31869734,-71.06978148,53108,3028,74711.2662,17457.9962,2041
200,Washington St at Melnea Cass Blvd,42.332817,-71.081198,213502.5,14805,252121.6332,24530.0762,11223
201,NCAAA - Walnut Ave at Crawford St,42.316902,-71.091946,199481.5,4141,95741.7847,27646.1056,3038
202,Grove Hall Library - 41 Geneva Ave,42.30791,-71.080952,127498,2932,88298.0009,30243.3014,1727
203,Columbia Rd at Ceylon St,42.309572,-71.0729,88532,2171,62049.6166,24431.4017,1406
204,Walnut Ave at Warren St,42.324081,-71.083235,57582,3524,69954.5658,14495.1691,2599
205,Bowdoin St at Quincy St,42.30785224,-71.06512249,197558.5,5173,137369.6339,34912.867,3907
206,Government Center - Cambridge St at Court St,42.3598254,-71.05979576,215412,45109,838527.6655,26922.567,33099
208,Oak Square - 615 Washington St,42.35057,-71.166491,207054.5,9568,281543.3001,39284.3532,6013
209,Chelsea St at Saratoga St,42.379772,-71.027448,38200,1587,49006.7496,12910.8512,797
210,Bennington St at Byron St,42.38353252,-71.01619095,106263.5,2982,92226.918,27698.9879,1635
211,Piers Park,42.3650112,-71.03528559,61798,7138,172142.349,16439.1687,4219
212,Maverick Square - Lewis Mall,42.36884408,-71.03977829,185052.5,13829,351735.2341,29227.0562,8033
213,East Boston Neighborhood Health Center - 20 Maverick Square,42.369536,-71.039431,179802.5,8240,128459.683,19165.0766,6262
214,Airport T Stop - Bremen St at Brooks St,42.37532835,-71.03132129,167935.5,13778,481652.8341,36331.3743,5560
215,The Eddy - New St at Sumner St,42.370744,-71.044201,140012.5,5534,152221.2164,24618.2669,3193
216,Glendon St at Condor St,42.38240378,-71.03024304,46857,1516,49671.0002,16295.9721,651
217,Orient Heights T Stop - Bennington St at Saratoga St,42.386781,-71.006098,129629,7135,336784.4,44472.9137,2937
218,Watermark Seaport - Boston Wharf Rd at Seaport Blvd,42.351586,-71.04569256,213887.5,50912,893851.015,23929.8454,31997
219,Boston East - 126 Border St,42.37331213,-71.04102008,139816,4717,75348.5167,17282.1623,3554
221,Verizon Innovation Hub 10 Ware Street,42.37250865,-71.11305356,216227.5,38581,621871.269,23034.2034,30866
222,Troy Boston,42.343749,-71.062256,214517.5,21488,299052.2806,19661.9316,16432
224,Fresh Pond Reservation,42.38267828,-71.14347895,191679.5,10968,316757.734,35935.9284,7452
225,Cambridge Dept. of Public Works -147 Hampshire St.,42.37119728,-71.09759867,215931.5,48551,641547.3343,19710.9633,41374
226,Commonwealth Ave At Babcock St,42.35154735,-71.12126246,216513.5,45759,782177.7828,25122.8738,33519
227,Silber Way,42.349496,-71.10057592,78777,51741,904360.7003,16845.838,39364
228,One Memorial Drive,42.36161932,-71.08043551,208258.5,25356,412826.5987,24379.7453,20999
229,8D QC Station 01,42.34503316,-71.09664917,0,1,1.1,1.1,0
232,Four Corners - 157 Washington St,42.30412793,-71.07929528,67213.5,1457,41425.6842,19557.0738,913
233,St Mary's,42.34619708,-71.10728681,201112,39849,719732.8839,21478.2275,29419
234,Broadway at Central St,42.3951715,-71.09850592,209596.5,12292,229743.0153,27412.6029,8854
235,East Somerville Library (Broadway and Illinois),42.38762811,-71.08318716,199037,9866,198460.1989,27436.6062,7414
236,Assembly Square T,42.39223284,-71.07746601,193668,13939,392684.1508,35561.354,9035
239,Community Path at Cedar Street,42.39407224,-71.11133695,215934.5,27656,410176.9009,22554.4488,20878
255,Park St at Norwell St,42.29442579,-71.07821761,41478,781,22273.5495,10933.4064,436
258,Gallivan Blvd at Adams St,42.28297568,-71.05466698,125940.5,3305,153161.8662,37586.5495,1501
259,Washington St at Bowdoin St,42.29916498,-71.07345872,40868,1248,38556.2992,15368.0909,609
260,Fields Corner T Stop,42.29963349,-71.06068976,93277,4127,127321.7336,27005.079,2492
271,Ashmont T Stop,42.2856944,-71.0641389,159554.5,4245,104919.1164,25483.6235,2703
272,Shawmut T Stop,42.292917,-71.06575,177167,2913,85658.5506,32878.1698,2013
273,Forest Hills,42.300923,-71.114249,212117.5,24937,663988.8012,31362.8112,16509
279,Williams St at Washington St,42.306539,-71.107669,206432.5,12183,234859.0333,26682.616,9088
280,Main St at Baldwin St,42.380857,-71.070629,205642.5,14934,239467.0995,22317.0293,11859
282,Stony Brook T Stop,42.316966,-71.104374,215586.5,24320,525435.8335,30532.8495,17768
296,Farragut Rd at E. 6th St,42.3334,-71.02495,188994.5,22735,748082.0998,37018.0938,9486
308,BCBS Hingham,42.16722556,-70.90555783,818,422,7358.0662,1988.0382,386
317,BCBS Quincy,42.27600499,-71.03924982,8620,272,6316.0161,3641.0276,206
318,Ames St at Broadway,42.3636929,-71.0875672,216587.5,57460,803389.2498,20477.924,48187
319,84 Cambridgepark Dr,42.3936,-71.143941,174494.5,7977,227309.1665,33683.1268,5434
327,Main St at Thompson Sq,42.37487847,-71.06383499,203854.5,18863,368882.2172,26338.6762,12771
328,Grove St at Community Path,42.39638681,-71.12011306,214700.5,34956,473072.1852,19289.552,25089
329,Washington St at Myrtle St,42.38170676,-71.08377187,145726,12779,257573.7833,23824.3277,9487
330,30 Dane St,42.38100143,-71.10402523,215510.5,39598,604916.5354,22326.6799,33490
331,Huntington Ave at Mass Art,42.33658555,-71.09886996,212350.5,38576,684881.0008,25946.7668,29006
332,Harvard Ave at Brainerd Rd,42.34953017,-71.13022771,216459.5,45584,829013.3001,26220.9439,34170
333,699 Mt Auburn St,42.37500235,-71.14871614,207670.5,16661,412718.9675,33673.0077,11805
334,Mass Ave at Hadley/Walden,42.39120972,-71.12260755,202126.5,18000,326826.1498,25465.1031,14251
335,Harvard St at Greene-Rose Heritage Park,42.36599433,-71.09522222,211561.5,50514,667237.0006,19593.0655,43334
336,Mattapan T Stop,42.267902,-71.093641,68058.5,2018,124713.9826,42671.545,643
337,Roslindale Village - South St,42.287072,-71.127754,162375.5,3475,94733.282,29304.0065,2296
338,Commonwealth Ave at Kelton St,42.34835863,-71.13997217,216540.5,27964,523573.4166,27069.961,21953
339,Archdale Rd at Washington St,42.29266593,-71.12119539,57165.5,3003,106369.8171,22318.0805,1527
340,Blue Hill Ave at Almont St,42.27462067,-71.09372552,51101.5,643,30376.0841,16108.6877,243
341,Roslindale Village - Washington St,42.28630716,-71.12820532,102881,2264,68193.9494,26055.1227,1222
342,Boylston St at Jersey St,42.34465063,-71.09732501,215949.5,98689,1781609.735,25708.1467,71939
343,Morton St T,42.28072514,-71.08617242,28067,565,20839.35,12288.3966,260
344,Commonwealth Ave at Chiswick Rd,42.34024645,-71.15168806,203391.5,10489,249792.2675,32077.06,6930
345,Park Plaza at Charles St S.,42.35182807,-71.06781138,210336.5,37402,821221.0317,28751.1709,21872
346,Cleveland Circle,42.33554308,-71.1506152,187374.5,16126,425252.3836,33349.6642,10575
347,Thetford Ave at Norfolk St,42.28621295,-71.07942931,34645.5,884,25314.218,12155.9217,415
348,Talbot Ave At Blue Hill Ave,42.2945833,-71.087111,72623,1897,68460.667,24470.4532,873
349,Washington St at Talbot Ave,42.290333,-71.071806,104912,2001,47390.8182,21648.0766,1274
350,Codman Square Library,42.2873611,-71.071111,118507.5,2201,49213.8978,21297.5099,1598
351,Faneuil St at Arlington St,42.35276621,-71.15988486,189287.5,7715,239483.599,38136.4043,4480
352,Ring Rd,42.34827839,-71.08044855,193978.5,35771,617582.5674,20897.5309,27977
353,Mattapan Library,42.2773889,-71.09325,52430.5,686,27843.416,15315.2844,310
354,Washington St at Egremont Rd,42.34286835,-71.14127841,78350,15410,293277.6838,16647.8301,11545
355,Bennington St at Constitution Beach,42.38522394,-71.01063069,108573.5,5497,195049.3667,29883.2621,2444
356,Charlestown Navy Yard,42.37412455,-71.054812,215442.5,49129,1069929.549,30196.786,33113
357,Centre St at Seaverns Ave,42.3121203,-71.1142981,72672.5,11784,271662.3825,18614.2121,8554
358,Medford St at Charlestown BCYF,42.38042947,-71.06055722,213771,14522,291402.5849,28428.1124,10998
359,One Brigham Circle,42.3339227,-71.10446509,216299.5,37217,601187.9827,23528.2711,28581
360,Bartlett St at John Elliot Sq,42.3294633,-71.0901582,214104.5,14983,202777.4,18841.7493,12410
361,Deerfield St at Commonwealth Ave,42.34924377,-71.0972821,216587.5,80156,1315816.832,25236.3602,61329
362,Columbia Rd at Tierney Community Center,42.33023071,-71.05060093,198231.5,17932,471550.216,33344.4061,10371
363,Harrison Ave at Mullins Way,42.34521562,-71.06384031,215948.5,45624,635980.1819,19976.5887,34992
364,Tremont St at Northampton St,42.3388956,-71.08149976,216211.5,40553,621325.9996,22169.4002,31185
365,Harrison Ave at Bennet St,42.3494261,-71.0620996,214105.5,28255,442000.3831,22387.5882,22425
366,Broadway T Stop,42.34278116,-71.05747275,15182,9431,145489.5319,8906.7193,7374
367,Vassal Lane at Tobin/VLUS,42.38536765,-71.13775671,180779.5,6642,154858.7008,29795.3681,5093
368,Blue Hill Ave at Southwood St,42.31786021,-71.07798629,51116.5,2165,54651.0163,16643.3276,1357
369,Boston Public Market,42.36254854,-71.05737358,69552,31260,612701.0173,15669.7331,20851
370,Dartmouth St at Newbury St,42.35096144,-71.07782811,216554.5,61253,1284212.783,28978.9763,39207
371,700 Huron Ave,42.38078817,-71.15412891,166508,6742,171097.3504,32234.4261,4658
372,Boylston St at Exeter St,42.34958942,-71.07946779,216161.5,58524,1158052.501,28204.0278,39290
373,Belgrade Ave at Walworth St,42.28634589,-71.1367213,97874.5,2028,60636.3318,26267.6125,1331
374,Tremont St at Hamilton Pl,42.35668335,-71.06166646,216121.5,58201,1268977.433,31136.3325,37199
376,Honan Library,42.3602737,-71.12852452,215498.5,25633,496686.2693,27766.9862,19725
377,Perry Park,42.37927325,-71.10341903,216177.5,28898,446100.3498,23073.5757,24434
378,191 Beacon St,42.38032335,-71.10878613,215493.5,27888,436551.6178,23558.5997,22400
379,Tremont St at W. Dedham St,42.34254914,-71.07421449,212856.5,31431,480225.7344,21483.6684,24590
380,Mass Ave at Albany St,42.36135838,-71.09670274,215937.5,90282,1127904.598,18648.9501,77568
381,Inman Square at Springfield St.,42.37426714,-71.10026479,215754.5,62677,924093.0504,21815.3814,52278
384,Clarendon St at Newbury St,42.35159662,-71.07561663,87590,35573,728219.6152,18476.511,23833
385,Albany St at E. Brookline St,42.33664795,-71.0689446,215025.5,20124,288537.5174,19347.4193,17398
386,Sennott Park Broadway at Norfolk Street,42.36860524,-71.09930186,216097.5,58742,756072.8841,16871.3006,48743
387,7 Acre Park,42.41143223,-71.06823265,152930,5919,265125.6165,40555.8173,2310
388,Main Street at Carter Street,42.40413,-71.0613,3840.5,664,22250.2326,8173.7483,248
389,Everett Square (Broadway at Chelsea St),42.40725945,-71.05546381,143400,3401,95157.2341,27843.561,2117
390,Broadway at Lynde St,42.39648358,-71.0654676,159128.5,5175,116457.7495,24509.7632,2755
391,Encore,42.39329263,-71.0724476,146773.5,4435,128465.9505,27549.0667,2075
392,Glendale Square (Ferry St at Broadway),42.41427294,-71.04479656,117245,2693,110430.2493,33262.3274,983
393,Swan St. Park,42.41250451,-71.05842225,71098,1397,46553.7829,19602.3392,702
394,Broadway at Maple St,42.41034691,-71.05260458,115063.5,2036,53409.1169,20133.3316,1270
395,Chelsea St at Vine St,42.40328057,-71.0476264,141258.5,3125,96561.1164,29675.5511,2004
396,Wasgott Playground,42.40933007,-71.06381878,71456,1622,58282.9171,22697.3399,722
397,Broadway at Beacham St,42.3983606,-71.06373843,180343,5010,127661.8187,28794.867,3135
398,75 Binney St,42.36550729,-71.0801376,214526.5,30971,422636.1663,18136.534,26425
399,Shawmut Ave at Oak St W,42.34854543,-71.06559185,213502.5,18237,309027.968,20857.4151,13513
400,Lansdowne T Stop,42.34734473,-71.10016808,203619.5,22815,421816.3677,21883.2353,14654
401,High St at Cypress St,42.32464511,-71.12135231,145971.5,6361,144012.6324,21432.6211,4385
402,Washington St at Griggs Rd,42.33833424,-71.1305093,167333,13059,254661.0166,19630.3757,9852
403,Marion St at Harvard St,42.33978053,-71.1213335,178748,27780,474938.9517,18687.0179,22239
404,Mass Ave T Station,42.34135616,-71.08336953,216330.5,40108,683362.3006,21477.866,29502
405,Sydney St at Carson St,42.32039374,-71.05355408,182044,6139,160956.1664,30696.6487,3950
406,Somerville City Hall Annex,42.39189812,-71.09745376,96331,5877,130614.1498,20619.0175,4190
407,Craigie at Summer St,42.38830554,-71.11067977,146037.5,9121,145502.7163,16754.4505,7263
408,Edgerly Education Center,42.38717463,-71.08714389,214284.5,10760,221110.0335,26556.4985,8287
409,Elm St at White St,42.38952436,-71.1169414,103692,22366,365663.0332,15223.9433,17713
410,Adams St at Lonsdale St,42.29167943,-71.05726346,56057.5,1866,57584.3495,16582.3332,894
411,Dorchester Ave at King St,42.29175622,-71.0625918,11670.5,688,23014.6163,8436.8046,282
412,Washington St at Peters Park,42.34303291,-71.0668873,73055,21237,322532.1495,11110.6902,15779
413,Kennedy-Longfellow School 158 Spring St,42.36955298,-71.08579015,215867.5,48993,669578.5174,17091.7535,42356
414,Discovery Park - 30 Acorn Park Drive,42.39790817,-71.14797131,203387.5,10080,187015.6183,21755.2617,7828
415,Stuart St at Berkeley St,42.34954403,-71.07242074,214477.5,34391,591252.9003,21156.5246,25245
416,Blossom St at Charles St,42.36435589,-71.06959369,85733,30673,579443.8507,14710.4944,24155
417,Columbus Ave at W. Canton St,42.34474225,-71.07648162,213998,36907,591532.7488,17954.4136,28096
419,Central Square East Boston,42.37544913,-71.03918549,194183.5,8399,156871.4167,19195.1205,5716
420,Charles St at Pinckney St,42.3587253,-71.07079532,0,2914,54854.6999,1645.4684,2028
421,Northbourne Rd at Hyde Park Ave,42.29118035,-71.11773666,56738.5,1108,30196.4671,13444.4886,673
422,American Legion Hwy at Canterbury St,42.27881158,-71.11687703,57515,776,30993.9327,17880.6879,310
423,Mt. Hope St at Hyde Park Ave,42.28484472,-71.11874517,57277,1205,35397.684,15337.6114,760
424,Jamaica St at South St,42.30604563,-71.11570891,190259.5,5086,130988.0174,25797.2542,3746
425,The Dimock Center,42.31930943,-71.09639924,138657.5,2830,52861.9827,17145.7069,2333
426,Surface Rd at Summer St,42.3529457,-71.05656401,214414.5,32052,538456.2168,21196.3919,23251
427,Washington St at Denton Terr,42.28072815,-71.13423757,55995,1188,31212.0339,13621.5981,688
428,Western Ave at Richardson St,42.36178741,-71.14393111,73027,11935,318793.0983,18225.393,8299
430,Washington St at Walsh Playground,42.2771947,-71.06955614,39296,768,35566.2324,16490.486,266
431,Washington St at Fuller St,42.28198628,-71.07147925,26557,541,17151.7162,10134.9491,232
432,Centre St at W. Roxbury Post Office,42.28633199,-71.15344755,93548,1078,28320.9342,14493.9957,693
433,Centre St at Parkway YMCA,42.28277901,-71.15728851,76018,869,24129.9999,13089.6002,539
434,Spring St at Powell St,42.27748444,-71.16341468,75822.5,917,35347.7331,19679.1175,528
435,Central Ave at River St,42.27094707,-71.07337901,29445.5,1271,68504.7499,14944.5637,365
436,Maverick St at Massport Path,42.36774122,-71.03335975,141492.5,4921,125733.267,21212.457,2702
437,Berkshire Street at Cambridge Street,42.37207658,-71.08995434,216520.5,56093,814865.5837,17934.9961,47032
438,Mobile Temporary Station,42.35147849,-71.0441622,0,40,792.5999,86.6549,30
440,Boston Landing,42.35656092,-71.14167538,206063.5,10377,226548.8478,23615.7256,7093
441,Sullivan Square,42.38445226,-71.07514855,206185,9879,171574.9007,20293.7566,7157
442,Hyde Park Ave at Walk Hill St,42.29606705,-71.116012,178477,3190,82268.6995,23673.7408,2250
443,Whittier St Health Center,42.33286288,-71.09218862,174893.5,4536,85376.7838,16925.8869,3140
445,Geiger Gibson Community Health Center,42.31886468,-71.04536798,194740.5,10676,313028.1672,28245.1921,5969
446,700 Commonwealth Ave.,42.34960945,-71.10391524,213802.5,47563,746715.3517,18867.2782,36360
447,The Overlook at St. Gabriel's,42.34679008,-71.14549814,179786,5300,111491.2674,18033.2152,3848
448,Hale Park,42.41496265,-71.05279301,56233,861,36684.3334,16426.3891,382
450,Beacon St at Englewood Ave,42.33736915,-71.14485977,2042,801,19223.5666,1306.5566,541
451,Washington Sq,42.33940659,-71.13489642,5321,1567,31324.667,2047.9629,1090
452,1200 Beacon St,42.34414899,-71.11467361,163056,18372,349618.5503,12995.278,13398
453,Beacon St at Hawes St,42.34496783,-71.11040177,5362,2024,40457.8335,2085.0054,1445
454,Boylston St at Dartmouth St,42.3501061,-71.07720464,65203.5,17015,357458.5494,11188.2169,10707
455,Coolidge Sq.,42.37207611,-71.15683131,170703,3791,101999.8672,20880.8963,2371
456,Graham and Parks School â€?Linnaean St at Walker St,42.3829443,-71.12449831,201735.5,14899,227076.1165,14704.5641,12000
457,N. Beacon St at N. Beacon Ct,42.36444157,-71.18091374,13445,295,11989.0494,3970.2538,197
458,Watertown Sq,42.36526032,-71.18573324,164491.5,4937,182092.367,27023.9029,2945
459,Canal St at Causeway St,42.36530095,-71.06092191,69059.5,41858,889595.8996,11268.0976,25407
460,Broad St at Central St,42.35849449,-71.0542647,71555.5,11410,250062.9836,11076.4347,6490
461,Railroad Lot and Minuteman Bikeway,42.41608484,-71.15315407,130438.5,6011,255506.4494,24541.6283,3274
462,Linwood St at Minuteman Bikeway,42.40935396,-71.14906519,150895,6767,174222.2002,16199.4486,4381
463,Smith Pl at Wilson Rd,42.39239749,-71.15058332,173513.5,4597,106708.5498,18117.9622,3468
464,Mass Ave at Grafton St,42.40726052,-71.14382132,66667.5,2471,59722.7506,10916.8476,1666
465,Broadway at Grafton St,42.40994213,-71.1400932,61586.5,1559,39483.1993,11003.9966,1100
466,Centre St at Washington St,42.35574335,-71.18641943,63744.5,771,23508.1014,12032.3981,375
467,Washington St at Crafts St,42.35389024,-71.19943707,90017.5,980,25152.1841,11628.2105,546
468,Nonantum Library,42.36068456,-71.201462,88305,1127,32902.017,12940.1199,707
469,Bacon St at Washington St,42.35711921,-71.18604537,104430,1556,43260.1492,14392.793,861
470,Union St at Herrick Rd â€?Newton Centre Green Line,42.32956868,-71.19367272,53762.5,559,16262.0836,9090.0652,280
471,MIT Carleton St at Amherst St,42.36054174,-71.08669817,198044.5,50511,632573.5669,10441.15,45977
472,MIT Hayward St at Amherst St,42.36085937,-71.08551858,197912.5,39675,469350.5837,10582.5557,36783
473,West Newton,42.3496005,-71.22627497,70347.5,844,29210.583,12765.6947,432
474,West Newton Armory,42.34947178,-71.22000679,32287.5,389,13749.1827,7078.5627,177
475,Arsenal Yards,42.36277389,-71.15764854,178397.5,8965,246520.9664,21289.0321,5612
476,Boylston St at Charles St,42.35257609,-71.06764405,51127,4589,123128.1834,5214.7756,2481
477,Marion St at White St,42.38066931,-71.03907316,54148,1441,23929.667,6683.8664,859
478,Gove St at Orleans St,42.37057753,-71.0355854,158877,3742,82976.0173,13717.6397,2334
479,Galileo Galilei Way at Main Street,42.36300378,-71.08974038,197630.5,30106,346940.4166,9408.3421,27068
480,Thorndike Field at Minuteman Bikeway,42.40016805,-71.14456963,181245.5,5277,154480.0172,20659.2355,3601
481,645 Summer St,42.34178089,-71.03987017,160802.5,5507,105909.401,13709.5527,3385
482,Kearins Playground,42.40616124,-71.06041655,100251,935,24791.9833,10605.1841,597
483,Porzio Park,42.36411904,-71.02876782,122263,3556,90185.9502,15420.4239,1833
484,Revere Public Library,42.408088,-71.008942,35263.5,514,22766.5182,10902.2403,181
485,Revere City Hall,42.40741,-71.0139,55357.5,769,32098.8841,14269.722,238
486,Langley Lot,42.330528,-71.192861,79353.5,952,29786.4001,12280.3916,473
487,Community Path at Lowell St,42.392525,-71.105587,191680.5,12937,193796.2655,11858.189,9187
488,Martha Eliot Health Center,42.324173,-71.10196,168672.5,4376,78872.3184,12846.9698,3749
489,Day Sq,42.379295,-71.027733,117048.5,2059,44369.7646,11787.8643,1233
490,Blue Hill Ave at Havelock St,42.286012,-71.090986,37122,427,17100.8994,9865.1829,232
491,Harrison Ave at E. Dedham St,42.339194,-71.06975,192397.5,15747,210227.0176,10330.3638,12791
492,Harvard Stadium: N. Harvard St at Soldiers Field Rd,42.368019,-71.1242,178022.5,24776,434885.7334,12957.8588,17997
493,2 Hummingbird Lane at Olmsted Green,42.28887,-71.095003,19213.5,161,5442.8496,3982.2606,97
494,Watertown Town Hall,42.367621,-71.187936,101607,1478,52339.8006,17417.3857,894
495,Union Square East,42.380078,-71.090098,165600,9969,164231.1185,10906.917,7640
496,Trum Field @ Cedar St (Temp Winter Station),42.398444,-71.107833,49960,506,7258.4998,2386.2178,406
497,Washington St @ New Washington St (Temp Winter Station),42.381056,-71.087083,64371,1058,18272.1836,3898.0129,909
498,Broadway Opposite Norwood Ave  (Temp Winter Station),42.396764,-71.102376,41661,280,4901.6335,2960.6225,225
499,Conway Park @ Bleachery Ct (Temp Winter Station),42.38364093,-71.10868692,67300,1557,22282.3666,3627.8096,1374
502,160 Arsenal,42.36466403,-71.17569387,126856.5,3076,95455.4672,18769.2159,1910
503,Cary Square,42.39813565,-71.03070972,59186.5,542,18723.6,9462.1999,253
504,Bellingham Square,42.39319611,-71.0334456,48939.5,608,23231.6833,11040.9941,236
505,Chelsea Square,42.39022671,-71.03857018,69046.5,1195,33638.7829,11970.7007,640
506,Broadway at Gerrish Ave,42.39453079,-71.03085594,53169,607,21074.8494,9594.6201,273
507,Chelsea Station,42.39636528,-71.03987179,83981,1730,44031.8014,12443.8811,1045
508,855 Broadway,42.39841773,-71.02390923,78239,934,27660.0175,10754.4893,520
509,Nichols Ave. at Watertown Greenway,42.36762049,-71.15656637,114184.5,3290,90533.6168,15906.4144,2347
510,Mass Ave at Broadway,42.41420213,-71.15051883,56210.5,2410,80597.4168,12681.4752,1362
511,Bellevue T Stop,42.28611421,-71.14636928,28877,344,9383.2834,5131.3154,198
512,Knoll St at Centre St,42.29376656,-71.1365658,39983.5,703,21133.8832,8083.4786,413
513,Roseland St At Dorchester Ave,42.29116853,-71.0630089,30080,450,9569.5163,4726.542,289
514,Pearl St at Medford St,42.38815705,-71.09588742,40132.5,2079,41774.4663,7296.7408,1457
515,955 Mass Ave,42.36895181,-71.1099878,142976,34851,480978.2832,7946.3244,27779
516,Salem Ferry Landing,42.52189284,-70.88069111,38779,1012,37505.6672,10405.4824,320
517,Salem Willows Park,42.53466911,-70.8702144,40814.5,1588,51001.4666,9182.9906,302
518,Shetland Park - Congress at Peabody St,42.51836788,-70.88952363,87348.5,1359,55484.0992,12384.3685,419
519,Mayor Salvo Path at Mill St,42.5180352,-70.89570075,56368,1909,65337.7337,12171.0203,632
520,Salem MBTA - Washington at Federal St,42.52345239,-70.89611113,103821,2318,78899.0991,13602.6674,999
521,Lafayette at Leach St,42.51142784,-70.89183301,47667,943,26559.7004,7842.6953,399
522,Salem State University - Bike Path at Loring Ave,42.50182399,-70.89478076,62875,2260,69742.8163,12591.9493,871
523,Boston College T,42.33987892,-71.16708934,115510.5,4686,129653.7158,12950.8461,2222
524,Newton Highlands T,42.32206566,-71.20637298,54311,910,23518.5168,8579.403,610
525,California at Chapel,42.36514871,-71.20236039,72767.5,1622,73544.7329,16593.2247,723
526,Beacon at Walnut,42.33006232,-71.20668411,45189,551,10833.4506,5225.3016,377
527,Newton Library,42.33620337,-71.20779455,32924.5,351,11499.0175,6486.1445,168
528,Washington St at Walnut St,42.35145812,-71.20764971,73775,779,23935.6334,9544.1956,351
529,One Beacon St,42.35847764,-71.0613513,142952,9125,168825.7987,9860.954,6241
530,Foley St at Grand Union Blvd,42.3930184,-71.08071685,138903,7077,170540.1827,11905.4643,4807
531,Harvard St and Stedman St,42.34435176,-71.12490356,144745,12351,196313.9351,8247.3609,9555
532,Concord Ave at Spinelli Place,42.390719,-71.1538877,119074,1937,44684.3333,10607.5191,1451
533,Danehy Park at New Street,42.389456,-71.139019,139661,5028,109269.9333,11062.8622,3787
534,Adams Branch Library,42.286011,-71.054689,9464,177,4659.4666,1823.6613,81
535,Auburndale,42.34805541,-71.24775946,43266,498,24030.4001,10385.5159,230
536,Clinton St at North St,42.36070284,-71.05524927,139121,10030,282274.1841,12656.2159,4076
537,Charles River Greenway - California St. at Fifth Ave,42.36455361,-71.19100392,53144,758,28851.3499,7038.6997,368
538,Circuit Drive at American Legion Hwy,42.29704126,-71.09171927,51875,815,26449.5995,9079.8028,405
539,Walnut Ave at School St,42.31242399,-71.09616905,110749,1560,38570.6341,11096.6498,1138
540,Sumner St at Shirley Ave,42.40833706,-70.99804848,112458,1047,26467.2167,7573.8908,618
541,Orr Sq (Shirley Ave),42.40715656,-70.9927243,110825,2304,98715.1662,14449.7665,1156
542,Hyde Park Ave at Arlington St,42.26286746,-71.12163126,14662,148,6134.0499,3470.0504,81
543,American Legion Hwy at Hyde Park Ave,42.27265394,-71.11990392,9488,108,4063.2163,2287.1154,49
544,Old Morse Park at Putnam Ave,42.35766248,-71.10841334,138647,17861,231086.7663,6447.4995,15111
545,Morton St at Gallivan Blvd,42.278747,-71.080286,22722,206,6477.0829,4164.5431,100
546,Cleary Sq,42.2556,-71.12444,16378,201,10253.5167,5546.2098,106
547,606 American Legion Hwy at Canterbury St,42.28578,-71.109725,38230,391,10337.2837,5203.433,230
548,555 Metropolitan Ave,42.2681,-71.11924,9005,82,5333.0833,3469.7026,30
549,Valenti Way at Haverhill St,42.36473899,-71.05934903,135794,22239,416502.5832,8758.5177,15483
550,Somerville High School & Central Library,42.3864,-71.09601,130851,3654,60822.8174,7193.6033,2806
553,Cambridge Crossing at North First Street,42.371141,-71.076198,133016,23920,406425.8323,7275.7362,18708
554,Forsyth St at Huntington Ave,42.339202,-71.090511,127794,37877,602575.6499,6755.5605,29898
555,Hyde Park Library,42.2568376,-71.122509,17522,161,6424.167,3716.7999,77
556,Ross Playground,42.2645666,-71.1145523,17711,169,5546.0669,2974.2614,63
557,Galileo Galilei Way at Fulkerson St/Binney St,42.3664204,-71.0885418,59133,7230,96254.2832,4718.6213,6230
558,St. Alphonsus St at Tremont St,42.33329255,-71.10124648,52930,13919,195651.4664,4735.062,10926
559,Centre St at Commonwealth Ave,42.3362358,-71.1934421,17929,242,8825.2497,3778.6846,93
560,Flat 9 at Whittier,42.33420351,-71.08767617,39802,1442,27472.8499,4792.4519,1126
561,Pier 4 Blvd at Autumn Ln,42.3502102,-71.0446705,50269,6711,123350.9329,5714.7038,4282
562,Hawthorne Boulevard,42.5223714,-70.8903331,37672,1374,61118.8673,9880.7971,275
563,Addison St at Saratoga St,42.38518147,-71.0151367,24090,923,14245.3825,2746.7543,632
564,Raymond Park at Walden St,42.38736954,-71.12761001,27593,2558,41691.9832,3887.9104,2028
565,Wellington MBTA,42.4023682,-71.07573182,22451,1218,32977.4166,5758.7495,762
566,Main Street/Albany Street/Technology Square,42.3629016,-71.0915669,20025,9035,111138.4172,2480.1102,8185
567,Brighton Ave at Linden St,42.3528376,-71.1296752,8929,5721,102766.0169,1754.3968,4585
568,Shawmut Ave at Lenox St,42.33584613,-71.08038157,14794,1477,23970.1331,2460.0498,1268
569,Hood Park,42.38004535,-71.07304573,14724,979,16552.05,2640.2231,766
570,Salem State University - North Campus,42.503332,-70.891444,9873,508,10360.7169,1881.7622,382
571,Forest River Park,42.506395,-70.88693,5279,315,9110.4168,1548.8509,54
572,Essex St at Dalton Parkway,42.516223,-70.905535,7213,164,3706.8,1578.0961,60
573,Salem MBTA - Lower Level,42.523994,-70.89684,4367,113,3152.4001,1178.6355,56
574,Community Life Center,42.520136,-70.906271,1085,25,359.6167,220.5499,12
575,Goodhue St at Grove St,42.520897,-70.910528,2709,53,1668.0163,835.9035,18
576,Main St at Brooks Park,42.411709,-71.110444,8163,247,6211.3668,2062.1012,108
577,Medford Sq - Riverside Ave at River St,42.417724,-71.108102,8946,316,11170.4171,3522.0747,196
578,Tufts Sq - Main St at Medford St,42.401697,-71.106128,10918,561,11967.1004,2469.6436,405
582,Gore Street at Lambert Street,42.3730798,-71.08634234,11057,4697,61570.3673,1636.1827,3961
583,Broad Canal Way at Third Street,42.3630455,-71.08287079,10904,2023,27549.7841,1660.9319,1747
584,Malden Center T Station,42.426541,-71.073179,9154,298,8881.9663,2719.7257,172
585,Northern Strand at Main St,42.42386,-71.067793,7930,245,6003.5999,1945.8594,142
586,Gramsdorf Playground,42.408156,-71.0429,8100,174,3655.9331,1930.9196,151
587,Malden High School,42.42653766,-71.06393695,6299,140,5701.1,2506.2301,76
589,North St at Liberty Hill Ave,42.52989965,-70.90614259,966,13,204.8167,156.2972,6
590,John Ahern Field at Kennedy-Longfellow School,42.36903567,-71.0863096,6326,537,5867.2497,688.8243,462
591,515 Somerville Ave (Temp. Winter Location),42.38322727,-71.10606909,6738,682,8081.6333,810.4729,548
